datetime,ws,wd,temp,pres,inversemoninobukhovlength_2m
2007-01-01 00:00:00,7.744876006437101,232.96985612563822,282.5418701171875,98493.96533743604,0.011512322895331613
2007-01-01 12:00:00,9.165509842293705,278.6104853329799,272.00994873046875,99037.75303296094,0.0017299646435595245
2007-01-02 00:00:00,5.667914333626785,294.3723926597911,275.52264404296875,100177.18099204298,0.042599686754005835
2007-01-02 12:00:00,1.1962415048972135,199.77567205120704,272.20831298828125,100652.98080381322,0.04811341261173808
2007-01-03 00:00:00,6.783602346395241,194.17280696581736,276.6060485839844,100410.26394659071,0.047253781704445816
2007-01-03 12:00:00,6.435136981858353,209.17886296410597,272.8003845214844,100207.13013589299,0.016986899647154705
2007-01-04 00:00:00,9.1820610580964,182.75524744430754,277.512451171875,99652.79208157728,0.010636258116775916
2007-01-04 12:00:00,8.983293436242931,186.5004779034282,276.6487731933594,99248.27436375796,0.007685553095313405
2007-01-05 00:00:00,7.8554585569564646,186.87270618710522,279.68841552734375,98550.5293062008,0.002380296317784147
2007-01-05 12:00:00,4.270622231566644,188.69046752535587,280.9976501464844,98379.38409226213,0.02444450133314456
2007-01-06 00:00:00,3.362889051817333,262.73618662721105,280.37506103515625,98487.33175794834,0.010256573456388102
2007-01-06 12:00:00,5.374193116120777,307.29855469561596,274.6864318847656,99197.84725912723,0.01568039818040976
2007-01-07 00:00:00,2.1917373957696205,262.4244383517382,278.6172180175781,99803.41371487454,0.12408537654650895
2007-01-07 12:00:00,5.794552398545596,141.64015502939657,276.00787353515625,99740.21981440153,0.010664958079119154
2007-01-08 00:00:00,5.856362789862803,274.23193461545225,279.88677978515625,99061.93122128725,0.025304285555833653
2007-01-08 12:00:00,4.967546118616494,258.91810385997564,271.1706848144531,99410.09428663335,0.008319670507762028
2007-01-09 00:00:00,7.982893043913224,232.29059521202078,276.28863525390625,99073.91029147965,0.01949806849575047
2007-01-09 12:00:00,7.7406356396586835,295.1695495671428,272.44635009765625,99535.35963951037,0.00675113442985379
2007-01-10 00:00:00,6.700003475372266,291.66761933115544,272.5715026855469,100433.25126305381,0.018839426913647164
2007-01-10 12:00:00,0.962903179557997,241.40220670789267,270.328369140625,100643.37429391815,0.04608458815713653
2007-01-11 00:00:00,10.692708609771858,164.93565216567026,274.8054504394531,100044.98159674076,0.007764284406040614
2007-01-11 12:00:00,11.441433748955461,181.5024988172005,273.4534606933594,99731.40481295905,0.0036939849299700727
2007-01-12 00:00:00,9.847810863337058,179.54050912038906,279.4533996582031,99399.08238359778,0.0032346671631895644
2007-01-12 12:00:00,8.257235696492307,195.4457237470882,282.8989562988281,99664.58178696774,0.00640701449527834
2007-01-13 00:00:00,5.6643055437608325,336.9696676823718,274.7718811035156,100109.974603382,-0.006755656038822498
2007-01-13 12:00:00,5.227911600862902,349.9083513612312,272.52569580078125,100309.96643242562,-0.0053446224328928624
2007-01-14 00:00:00,3.656972060908703,24.075890913825745,274.1798095703125,100181.85246848695,-0.0032876539121993735
2007-01-14 12:00:00,3.626775858465445,10.969916759548141,273.6884765625,100054.92610104001,-0.006597126607056966
2007-01-15 00:00:00,4.062152970054647,63.35369282025939,274.4666748046875,99578.11722258116,-0.0030661927178211317
2007-01-15 12:00:00,4.758098803276784,285.6397843251337,274.243896484375,99303.84056147422,-0.0015576892686398494
2007-01-16 00:00:00,9.636012612833124,293.77916511223043,270.0445556640625,100021.22274999047,-0.0016150727771104287
2007-01-16 12:00:00,6.567986301184066,311.69478440216017,264.6549987792969,100861.38951897254,-0.006455117402823395
2007-01-17 00:00:00,4.5745964196442035,328.9441662286008,266.1229248046875,101465.80246084328,-0.0011256136891517534
2007-01-17 12:00:00,1.769269497258959,97.21734836502333,263.72723388671875,101580.17416184572,0.0392846990733185
2007-01-18 00:00:00,4.141562468354228,162.63645602087922,269.4524841308594,100918.8213457333,0.08101691396493138
2007-01-18 12:00:00,6.2323865310641,194.58691445755267,270.5969543457031,100204.85757429659,0.0030299073125913062
2007-01-19 00:00:00,7.02590155989449,251.96157026417848,272.7362976074219,99904.74894062224,0.01925705165755254
2007-01-19 12:00:00,6.228491193100326,299.90366397241036,267.60308837890625,100490.44675956255,0.0022156228019669572
2007-01-20 00:00:00,5.860700232357257,257.19711549437204,272.27545166015625,100398.96196557283,0.05211450622563254
2007-01-20 12:00:00,4.130848980885689,4.0012112068768175,266.9713439941406,100644.25264014163,0.022801232091910772
2007-01-21 00:00:00,4.110674392008277,103.04562476191131,271.69256591796875,100258.21444285629,0.008271761347106265
2007-01-21 12:00:00,8.028536207272335,118.11916383727566,270.9143371582031,99344.53390025433,-0.00016847444536843245
2007-01-22 00:00:00,2.464388946294631,220.75351771567296,273.1116638183594,99122.11612296174,0.13880938682123525
2007-01-22 12:00:00,5.304898827986002,309.601109146549,269.669189453125,99495.81178380543,0.03564162731708684
2007-01-23 00:00:00,6.319846344174807,279.3803557155609,270.9723205566406,99674.13542647121,0.05282654510946737
2007-01-23 12:00:00,5.5721701760469555,230.55069801277284,267.2337951660156,99520.34298201992,0.008552228525038036
2007-01-24 00:00:00,4.917514210860944,250.0818338309822,273.1940612792969,99427.63460790624,0.014578946428416643
2007-01-24 12:00:00,4.735908691214698,314.75692530108074,269.7454833984375,99736.40122078301,0.08255410912697829
2007-01-25 00:00:00,6.104018551542417,289.17036386292,272.04046630859375,99918.19138285682,0.06957111438096387
2007-01-25 12:00:00,5.005359769381927,328.55890805693605,266.8492736816406,100232.36161519603,0.010077377051259218
2007-01-26 00:00:00,2.527995452412586,306.6321058459358,269.4341735839844,100326.95302728305,0.08505156142840647
2007-01-26 12:00:00,7.119980010951237,198.4222890034572,268.31719970703125,99633.08921199193,0.009966286114361365
2007-01-27 00:00:00,11.07797297631961,211.5442264587275,278.1075439453125,98744.60547476752,0.007778501329596345
2007-01-27 12:00:00,7.092011760491308,276.71338046367725,271.68646240234375,98886.10646775918,0.007923534517223609
2007-01-28 00:00:00,9.394577520551637,300.39373721289144,269.1045837402344,99364.34549875656,0.0030436532557454495
2007-01-28 12:00:00,8.956449941827103,296.06536711689364,258.5329895019531,99673.91258253474,-0.003039852326194207
2007-01-29 00:00:00,6.004551204666441,287.85584990141797,261.4871826171875,99970.03216491838,0.002330389818908116
2007-01-29 12:00:00,6.953914614389119,187.40788327520818,261.0385437011719,99657.09427136014,0.005122565408605093
2007-01-30 00:00:00,6.079365464581903,244.76767870367178,271.3080139160156,99329.96589949694,0.058529111677515566
2007-01-30 12:00:00,7.954434317611447,289.0694812279211,260.7913513183594,99814.73044535682,0.0
2007-01-31 00:00:00,7.179974743228748,299.277184981285,261.89306640625,100274.03933217085,0.00044189574358305975
2007-01-31 12:00:00,2.824376835335342,227.11133202687847,258.2796630859375,100225.51231954883,0.049043990894923756
2007-02-01 00:00:00,5.904724335967154,189.70083797686084,268.11883544921875,99390.469071481,-0.0003725136165492262
2007-02-01 12:00:00,3.8178244048232477,219.03953785655756,267.92352294921875,98849.86821075802,0.0062555312578434575
2007-02-02 00:00:00,2.7279268527899156,233.15461048013663,270.9509582519531,98585.22104200617,0.12120356983690596
2007-02-02 12:00:00,4.313720263165608,283.6094419949108,267.4535217285156,98751.90950720737,0.016997359906485023
2007-02-03 00:00:00,6.006226650508684,247.52779761712088,265.5400390625,99156.89811407917,0.0086873166990624
2007-02-03 12:00:00,6.378871633286021,220.3062385669382,263.95001220703125,99095.47392261063,0.023637359134115136
2007-02-04 00:00:00,6.0097415925539766,272.3798141765084,263.87982177734375,99910.58860700674,0.008950180737548701
2007-02-04 12:00:00,6.191093148204423,263.8755083668932,260.6723327636719,100250.54720659372,0.028305434350664387
2007-02-05 00:00:00,6.287096669960073,306.70346777838034,264.6397399902344,100458.5616134721,0.00817501218327208
2007-02-05 12:00:00,3.5475529895036177,1.1327110298725955,257.5533447265625,101160.14464083989,0.0037557651979014213
2007-02-06 00:00:00,1.7450159657375945,329.28965847582407,263.84625244140625,100999.95081774656,-0.00799456223903518
2007-02-06 12:00:00,4.650267839672845,126.82836060221672,261.899169921875,100401.37529727638,-0.006216415301495728
2007-02-07 00:00:00,3.857850556154674,39.409229635293904,266.6325988769531,99504.58078041482,0.01511742663580176
2007-02-07 12:00:00,4.489939871093921,356.9446632279362,259.1830139160156,100494.53957865408,-0.00023580296744191254
2007-02-08 00:00:00,4.042808217913197,326.2721477915846,265.875732421875,100458.75054753054,-0.01068164300668324
2007-02-08 12:00:00,4.847435855203954,345.0989807162231,259.86663818359375,100709.6261662164,0.0049432441539682724
2007-02-09 00:00:00,4.036620003296068,321.55187527728117,266.00390625,100425.5511062005,0.04234903500500169
2007-02-09 12:00:00,4.042348194760276,341.21814277408697,263.3701477050781,100517.0164275995,-0.011397084897988864
2007-02-10 00:00:00,4.357581289084352,347.25170117004933,267.2307434082031,100326.435923543,0.048777927746579144
2007-02-10 12:00:00,4.385167645317931,326.28606791201344,260.9469909667969,100475.60604395466,0.024866650456833398
2007-02-11 00:00:00,3.195986328125029,299.6388631032356,267.4230041503906,100347.62427348447,0.07392090464924654
2007-02-11 12:00:00,2.656996765784134,192.8591962159876,266.8004455566406,100224.49880821539,0.07147223785687254
2007-02-12 00:00:00,5.531711791765526,172.39589392296966,275.4310607910156,99865.2936884856,0.11029111882561601
2007-02-12 12:00:00,4.817704682515725,168.431970181348,271.0119934082031,99701.50454303184,0.04851949204153139
2007-02-13 00:00:00,3.5994157531595166,92.87650665499132,273.2917175292969,99550.44337758663,0.0673773439389131
2007-02-13 12:00:00,9.747839316452678,54.63797985002563,271.88177490234375,98966.6789557784,0.0003051850944757461
2007-02-14 00:00:00,12.337783967736843,15.696008912716692,265.0608825683594,99327.88665960435,0.0003051850944757461
2007-02-14 12:00:00,8.073383108523133,343.23928761441937,259.90631103515625,99967.38295492448,0.014434758769714782
2007-02-15 00:00:00,7.20992764639069,337.84979045617905,262.460693359375,100266.83149098583,0.27024164745364004
2007-02-15 12:00:00,5.517558720361229,335.84857847948746,255.18508911132812,100346.89720422622,0.12001992771100045
2007-02-16 00:00:00,6.222215738182157,300.20470143178164,261.2124938964844,100283.67167940177,0.29424760167899805
2007-02-16 12:00:00,7.031465144783884,255.25923252557902,254.92568969726562,100023.48327413306,0.23400491994906716
2007-02-17 00:00:00,8.979767571460426,181.16088574139553,267.82281494140625,98908.59452816434,0.0029507050214625085
2007-02-17 12:00:00,3.9768068759387214,222.14387708914091,269.2754821777344,98236.70129312835,0.006756557834487986
2007-02-18 00:00:00,7.986324870708139,307.18998159312446,265.82080078125,99529.46393986896,0.08060056295923791
2007-02-18 12:00:00,7.45241989379166,286.111657402474,261.3254089355469,99980.80556731657,0.09244385948115842
2007-02-19 00:00:00,4.285566751398948,154.99134698523562,268.21649169921875,99887.49387093306,0.23781940668260343
2007-02-19 12:00:00,9.843694688314088,193.47039912994728,273.1452331542969,99038.96758364693,0.01073590641449585
2007-02-20 00:00:00,9.620077628874323,188.0489676051493,277.640625,98397.01952833608,0.016609268591727244
2007-02-20 12:00:00,3.164282867507281,252.25658051342612,275.63555908203125,98376.37716913583,0.06994667114730921
2007-02-21 00:00:00,3.138670143814471,351.12436452698023,273.9967041015625,98616.43036743738,0.08536515733284236
2007-02-21 12:00:00,0.6530537953529857,174.93750886751695,272.18084716796875,98973.33200785682,0.12339539210476579
2007-02-22 00:00:00,5.460537456609988,203.03608699091376,273.0140075683594,99102.04084758525,0.01261198270224133
2007-02-22 12:00:00,7.0843442737891,290.34387453512676,273.2642517089844,99698.15234972192,0.04916220154804578
2007-02-23 00:00:00,6.717222444770007,308.3160300907596,274.3568115234375,100262.67263273067,0.1108734900254682
2007-02-23 12:00:00,5.788649347575477,103.3956029441402,269.522705078125,100482.39328041482,0.016265063658168044
2007-02-24 00:00:00,7.517439973543079,97.76393799901359,271.81158447265625,100000.01468451341,0.011044211609629566
2007-02-24 12:00:00,10.977568153378302,112.51935398765306,269.9163818359375,99331.85029986111,0.0025306280605376674
2007-02-25 00:00:00,11.685957392845799,114.779068570498,276.7830505371094,98062.78620741268,0.003919842883809084
2007-02-25 12:00:00,8.27148158955323,181.6198698942526,278.6690979003906,97252.85411114771,0.014460253632416303
2007-02-26 00:00:00,8.95361298507698,236.48291370427125,273.7830810546875,98045.63620907783,0.006123467067212787
2007-02-26 12:00:00,6.268420410064221,259.54586930127357,270.0689697265625,98519.1272759485,0.006007979370854164
2007-02-27 00:00:00,5.775899544047678,285.09125477559473,275.2937316894531,98870.1164762577,0.11806962202002336
2007-02-27 12:00:00,4.280402008992777,299.8470451286951,270.04150390625,99381.76739419025,0.021612976504299875
2007-02-28 00:00:00,3.3500315201577893,52.153727340376705,274.3629150390625,99589.62269769881,0.1556111124914492
2007-02-28 12:00:00,6.598843568858466,104.46260985047365,272.6569519042969,99418.31958737402,0.005800139270122129
2007-03-01 00:00:00,9.612068317806612,112.43465215046388,280.31402587890625,98326.67601667237,0.011992557334491347
2007-03-01 12:00:00,9.635063378771218,162.8483116926991,283.2956848144531,97278.01173684599,0.004982053829946537
2007-03-02 00:00:00,12.69047234902522,239.09292961882988,279.4411926269531,97002.4174747423,0.0017692054494151913
2007-03-02 12:00:00,9.72457756056708,235.74222378378386,272.7851257324219,97316.25716142303,0.005309057707080502
2007-03-03 00:00:00,6.961122561429855,263.8380488021787,276.9325866699219,97955.05014433146,0.017374246533573223
2007-03-03 12:00:00,9.168714291634123,281.39884993669693,269.5501708984375,98413.99757880763,0.0002969874054637343
2007-03-04 00:00:00,7.825542965012488,299.440896569198,269.91943359375,99396.08116885813,0.003046467390647455
2007-03-04 12:00:00,5.174875641219614,290.37705958443166,264.6702575683594,100071.99046794721,0.0005014577065219298
2007-03-05 00:00:00,6.7789057736871605,247.36987174674766,274.2652587890625,100054.15518546177,0.08019655010668963
2007-03-05 12:00:00,5.4833555054305885,283.4095485339802,270.9326477050781,100239.57813960189,0.034910924060407016
2007-03-06 00:00:00,6.772381412730121,5.828815246049544,276.6823425292969,100577.2139513712,0.040749978327976326
2007-03-06 12:00:00,4.851696975023632,81.89078611143319,267.53289794921875,101066.99942174075,-0.0003369488907368649
2007-03-07 00:00:00,5.706877055034534,127.80477495783316,274.8390197753906,100261.70404626016,0.028157455062984522
2007-03-07 12:00:00,4.831086515839285,16.903744724155274,271.85125732421875,99696.41348424077,0.05055359272833998
2007-03-08 00:00:00,6.070768369962704,25.631764828480797,276.9600524902344,100178.46791632612,0.02373963311778316
2007-03-08 12:00:00,3.3642525953306435,71.19665596190688,269.99267578125,100247.03215082646,0.024167397251407735
2007-03-09 00:00:00,4.604526853551073,115.42144476291185,280.5520935058594,99795.58190104413,0.1659502751231062
2007-03-09 12:00:00,6.877073367735292,146.56662262572945,275.2449035644531,99514.90185508772,0.040075217633857914
2007-03-10 00:00:00,3.522832665866403,301.8272635354907,290.491943359375,99098.60358911625,0.14128750812506385
2007-03-10 12:00:00,5.692228981298368,322.01393085771184,277.4391784667969,99741.92510284226,-0.004667048571375827
2007-03-11 00:00:00,3.5170222807529545,351.4829443744886,285.9447021484375,100195.16225684436,0.15370965215190804
2007-03-11 12:00:00,5.816640724320262,74.23639133203068,276.6914978027344,100696.79504312838,0.14025682963006142
2007-03-12 00:00:00,3.7962389217512373,131.25729197364,285.7371826171875,100494.63965868871,0.1550656036806805
2007-03-12 12:00:00,7.1359926336128225,184.32412676138188,279.67010498046875,100155.10371636262,0.0462680552612813
2007-03-13 00:00:00,5.450006895842724,212.66059363447107,291.94769287109375,99660.43827300386,0.1285089795027138
2007-03-13 12:00:00,6.27883091064165,220.7506391142008,285.599853515625,99569.47699232066,0.06310302834872009
2007-03-14 00:00:00,8.99894536453649,192.9576451160201,291.62725830078125,99124.15719173942,0.004914725307873058
2007-03-14 12:00:00,6.101595557491776,232.17449807899004,287.91314697265625,99040.72314477556,0.0032257487947600885
2007-03-15 00:00:00,7.5214134768460035,178.07735650056145,292.5946960449219,98704.29890380835,0.004378854684833632
2007-03-15 12:00:00,7.722819400667385,40.96556144212744,277.0363464355469,99457.74378996607,0.000747080838058806
2007-03-16 00:00:00,6.218767963041392,33.812985535843616,281.513427734375,99853.58224422733,0.00872390838466169
2007-03-16 12:00:00,4.545188284356727,348.8505526431827,271.1462707519531,100153.63445444389,0.010514751185873571
2007-03-17 00:00:00,6.836137129847064,333.9720662532938,277.9610595703125,100138.48936321292,0.019597716793470405
2007-03-17 12:00:00,1.9652904748710895,10.45671494580239,271.62237548828125,100216.29741737006,-0.008717441604024668
2007-03-18 00:00:00,3.7135336412720537,20.77553890518631,277.4574890136719,100085.50552051974,0.15128597567864177
2007-03-18 12:00:00,3.6099622244431777,136.05351184755722,272.19000244140625,100280.69448433227,0.048931362928417835
2007-03-19 00:00:00,6.9086788539206365,142.835750562057,279.1482238769531,99842.9899937467,0.026738360933578575
2007-03-19 12:00:00,9.836452069463094,193.5455890430237,278.8522033691406,99127.18677348447,0.001822912877842465
2007-03-20 00:00:00,4.086477417804465,251.0711922061497,286.55810546875,99657.6893932875,0.12703728676230167
2007-03-20 12:00:00,5.78996859953605,55.827791876719125,274.3720703125,100528.79812912237,0.05408905987650179
2007-03-21 00:00:00,6.141145145012382,114.6188831482853,283.55816650390625,100372.49829775614,0.0032105052260309303
2007-03-21 12:00:00,7.869438868776512,174.5868872865003,285.3678894042969,99850.21716465718,0.004203209195626612
2007-03-22 00:00:00,9.02137765690646,179.9911098502198,293.6414794921875,99426.96161384947,0.011066836070688996
2007-03-22 12:00:00,11.172385293706458,216.22035115360814,289.7686767578125,99394.7525659323,0.0028577567871795684
2007-03-23 00:00:00,1.0209671867589134,66.89804982688999,288.16949462890625,99472.81777444383,0.10110475557243315
2007-03-23 12:00:00,4.2850650766131935,112.21912589270931,286.2193603515625,99472.83221808154,0.103294479052125
2007-03-24 00:00:00,4.639719654188171,184.5405080941872,290.0799560546875,99520.49769774442,0.020694788202218657
2007-03-24 12:00:00,5.084887748646419,209.85344550122807,288.7646179199219,99878.4947413082,0.016163226102312793
2007-03-25 00:00:00,3.9243330058059946,182.13363128528317,296.7604675292969,99875.04334530239,0.14159577016356
2007-03-25 12:00:00,6.392946195521331,181.54712541383515,289.1979675292969,99974.46706816545,0.028417376016872744
2007-03-26 00:00:00,7.426102053618005,178.4949801874062,296.9862976074219,99518.30780480422,0.02129946855669068
2007-03-26 12:00:00,5.804702684071764,213.333926090084,291.3067932128906,99565.87977366563,0.017236935639754744
2007-03-27 00:00:00,6.916142460273891,204.56327860703766,293.3362731933594,99481.91104472114,0.009337177392885435
2007-03-27 12:00:00,5.884356192959755,194.51837207888252,290.7300109863281,99593.72055551894,0.06132609995055464
2007-03-28 00:00:00,5.43517698919914,148.08419371061547,297.3433532714844,99384.54656370326,0.048436144697670186
2007-03-28 12:00:00,5.288118125497748,133.14273964118337,288.10235595703125,99515.55150098559,0.022630414492041926
2007-03-29 00:00:00,4.721419696672978,107.51296060555404,293.1379089355469,99586.83056648937,0.03362675337736282
2007-03-29 12:00:00,6.330062806960635,109.58079110565205,288.9477233886719,100002.88196885084,0.0025562477727471278
2007-03-30 00:00:00,5.769419690224521,96.4774279167919,294.4593505859375,99975.23798374372,0.017087244875370312
2007-03-30 12:00:00,5.349762085421743,124.82482724281317,287.54693603515625,100058.75176604111,0.042734000654123645
2007-03-31 00:00:00,5.421405723995925,121.68504164391123,297.0931091308594,99452.87939100461,0.04263113261871369
2007-03-31 12:00:00,6.919014042028355,162.02922212188344,290.0830078125,99082.53252976213,0.008582369846216204
2007-04-01 00:00:00,11.785901998470314,171.21089524487036,291.3190002441406,98391.7870323674,0.0016052526130154652
2007-04-01 12:00:00,9.986083873138504,194.5135944217527,284.42791748046875,98510.52510508364,0.00612726799676403
2007-04-02 00:00:00,7.138575894170392,245.8882144183707,291.78594970703125,98679.13053067807,0.03921250739959018
2007-04-02 12:00:00,3.5909705046570277,226.41210507601318,282.9325256347656,99281.7810711101,0.1674610001672082
2007-04-03 00:00:00,6.664617225008878,162.53235354430547,297.1358337402344,99026.1119288082,0.054623094208945656
2007-04-03 12:00:00,9.003949982725095,194.33558713114246,289.1064147949219,98812.49834237008,0.013269308444797834
2007-04-04 00:00:00,6.8157335978884115,297.4312554249835,292.15216064453125,98668.20845438476,0.014603624179822923
2007-04-04 12:00:00,6.517379006970617,292.1862051655677,270.9143371582031,99735.93362216697,0.002560769381715834
2007-04-05 00:00:00,9.759860272774201,306.1125775388829,276.00482177734375,99890.60499952082,0.002229243895613164
2007-04-05 12:00:00,7.393263260114168,322.8019408546182,268.9977722167969,100149.1393917262,0.0012207403779029844
2007-04-06 00:00:00,5.37706413456983,328.9578830900032,276.5480651855469,99886.8867005173,0.03872277929273229
2007-04-06 12:00:00,7.433301316247181,317.46264814308165,269.89501953125,99802.22276961082,-0.00047365953984417856
2007-04-07 00:00:00,8.114702819741638,317.3567087629323,272.31817626953125,99678.7909960498,0.003289707517159728
2007-04-07 12:00:00,6.896648058646275,305.348939081024,265.9794921875,99677.18951944441,0.0013574510270102983
2007-04-08 00:00:00,7.069519619833575,303.4673338634816,273.2520446777344,99644.96419155828,0.02104925113322911
2007-04-08 12:00:00,3.97326036380203,268.36710448401504,267.94793701171875,99735.40692477691,0.0152750539572883
2007-04-09 00:00:00,4.779692425548164,286.34602670277997,278.3394775390625,99603.23825785684,0.07626333499881546
2007-04-09 12:00:00,1.6940510959513513,235.17928948665417,273.3008728027344,99664.40866904431,0.055628233553947116
2007-04-10 00:00:00,2.299556510572052,261.5909419347556,281.1563415527344,99405.38137046124,0.1230443871953169
2007-04-10 12:00:00,7.266672965564679,132.58814832245696,274.9427795410156,99375.93570961755,0.022948069185482516
2007-04-11 00:00:00,7.943533798717678,98.79115162527944,283.54901123046875,98505.61165295987,0.004184039847838274
2007-04-11 12:00:00,8.729391828529973,128.36051385684368,281.1563415527344,97248.75141908698,0.0011851756520906232
2007-04-12 00:00:00,9.29270889209114,252.0734332974713,282.7402648925781,97339.07559153436,0.0014465983317419962
2007-04-12 12:00:00,9.738581467645654,285.3915862431255,272.9590759277344,98323.29123024628,0.0014367781676470326
2007-04-13 00:00:00,6.290158271996148,295.6952832303597,280.7626647949219,99439.58872594348,0.01733719994531146
2007-04-13 12:00:00,2.7900911556428096,312.418920399879,274.5216064453125,100164.93643546177,0.07463601161025078
2007-04-14 00:00:00,2.019277445247956,69.25243538364776,284.17156982421875,99743.28697039894,0.051273836633351465
2007-04-14 12:00:00,5.408447410166075,72.5360604946799,277.7169189453125,99203.01938577092,-0.0011731770335273689
2007-04-15 00:00:00,8.170897200586406,26.038296025121753,279.3374328613281,98780.15232035684,0.0009729387918978177
2007-04-15 12:00:00,6.6153183044912005,345.149792648879,274.50634765625,99100.40083611062,0.013970629844425505
2007-04-16 00:00:00,5.667020774266586,305.0617179828579,286.149169921875,99297.079520298,0.05133982820041288
2007-04-16 12:00:00,3.9912166667506455,331.1373584189321,277.0516052246094,99628.43219465854,0.08376312962816052
2007-04-17 00:00:00,2.81448426666518,356.7944650296254,290.9619445800781,99428.83935508771,0.1432343778185758
2007-04-17 12:00:00,5.0234335877684915,202.06697031638544,282.3465576171875,99322.92687848612,0.053711368816276674
2007-04-18 00:00:00,3.014303763307046,209.5842121852727,294.9507141113281,98784.46431364414,0.12887701270293628
2007-04-18 12:00:00,6.814714899717713,12.36438318587652,279.91424560546875,98840.18119669134,0.003277708898596473
2007-04-19 00:00:00,5.408967538098867,20.63024432408463,286.8327941894531,98922.78754405749,0.01379177957019027
2007-04-19 12:00:00,4.048488334539572,25.95071852102312,275.52874755859375,99362.72215231453,-0.012258212073571364
2007-04-20 00:00:00,4.447968672232343,77.54915630946523,286.5917053222656,99538.16226695706,0.020598453752045977
2007-04-20 12:00:00,4.0302584831962145,64.96960486481728,280.50628662109375,100061.1319791718,0.09277018007021472
2007-04-21 00:00:00,4.469434252670674,100.48501498579782,291.79205322265625,99888.92503717307,0.06977583325929164
2007-04-21 12:00:00,6.112614183278698,138.0626432431692,284.41265869140625,100037.21740618817,0.028606783115483293
2007-04-22 00:00:00,6.495702317656534,161.25785222235754,295.2803039550781,99586.24682875881,0.038788057230338714
2007-04-22 12:00:00,7.158174756377772,188.06349490299453,286.21630859375,99587.77201073442,0.013986123112170535
2007-04-23 00:00:00,10.322634990868373,172.077547876783,295.89373779296875,99006.08574833474,0.004694886588577766
2007-04-23 12:00:00,8.562432236949158,213.64098065055305,290.1776123046875,99063.3353332534,0.004314175283016529
2007-04-24 00:00:00,6.081669644180005,300.55419806856605,294.1907958984375,99312.31117007183,0.008107808510706539
2007-04-24 12:00:00,4.510342553649556,81.50344321305758,285.3312683105469,99557.15011577259,0.09129103905377571
2007-04-25 00:00:00,5.993704050194673,116.60299782402137,297.8377685546875,98783.19163767484,0.012769058814310858
2007-04-25 12:00:00,7.539759675375656,230.62771838244623,290.5377197265625,98553.09255247869,0.0014821630575543574
2007-04-26 00:00:00,4.034577415908923,67.58216425706814,290.418701171875,98423.69506333205,-0.0015629878237661068
2007-04-26 12:00:00,5.9402277537027715,184.1960520230814,287.99554443359375,98206.75449300249,0.0032495810172409683
2007-04-27 00:00:00,8.281662281118129,272.67835091564564,285.624267578125,98352.91856443392,0.0
2007-04-27 12:00:00,4.611272089662091,262.1403659409749,282.3770751953125,98831.63481294586,0.0022510626782713816
2007-04-28 00:00:00,7.24460997715216,274.36968206515746,291.98126220703125,99009.90108779992,0.01426913097706665
2007-04-28 12:00:00,6.499013225381285,267.3901278003891,284.6110534667969,99261.5190420115,0.01458521536197624
2007-04-29 00:00:00,7.665651782783471,296.0359855881256,295.1490783691406,99350.08782597269,0.018452047747853723
2007-04-29 12:00:00,5.487022585809836,222.38337820927302,286.1552734375,99602.19511317642,0.02152058393478877
2007-04-30 00:00:00,6.147250221779319,249.19428917230175,300.28533935546875,99330.94323071989,0.05844474810876274
2007-04-30 12:00:00,6.69410074623202,241.80599013339486,290.0555419921875,99337.66799716697,0.02029988340740998
2007-05-01 00:00:00,5.768034789479724,214.34789888246473,301.2008972167969,98972.61586238664,0.05571188169633395
2007-05-01 12:00:00,7.102088087100005,231.2572006376431,291.63946533203125,98999.3248348676,0.006061561949773501
2007-05-02 00:00:00,4.446483488239573,244.28975916658544,297.1175231933594,98800.58632587707,0.002980846342640676
2007-05-02 12:00:00,0.5652656759011483,335.00484163058235,291.2457580566406,99066.92741141478,-0.08157319622443188
2007-05-03 00:00:00,5.242821343188452,86.7400626394582,293.3393249511719,99156.26765300578,0.005147033626133193
2007-05-03 12:00:00,6.049326422548651,98.67350779058324,290.443115234375,99260.56862016146,0.0013618477864710675
2007-05-04 00:00:00,7.414692834699359,88.12545749217668,292.02703857421875,99117.27211238662,8.9828133624974e-05
2007-05-04 12:00:00,7.867274807650224,110.80770570420725,289.4024353027344,99138.66125545191,0.0010840297287956708
2007-05-05 00:00:00,2.4217525951066037,109.91721384746876,292.8113708496094,98892.85459742672,0.001293701838488842
2007-05-05 12:00:00,4.548865345218875,139.9582210552174,289.3627624511719,99103.34716902286,0.001149610926278262
2007-05-06 00:00:00,4.010766507358685,101.53678647367889,297.9415283203125,99272.01675129979,0.01077732567481981
2007-05-06 12:00:00,10.592600345600731,107.24680699423658,288.43804931640625,99892.31837582703,0.0006978950186002385
2007-05-07 00:00:00,6.847423403362485,111.53068275722978,295.53057861328125,99861.19967964567,0.005927750434551944
2007-05-07 12:00:00,8.214204863651743,143.16350740595254,285.4380798339844,99932.95586679383,0.000836228142790504
2007-05-08 00:00:00,5.830542993507648,173.4315618915632,300.07781982421875,99476.1472348182,0.0026635377800937384
2007-05-08 12:00:00,3.04109245844143,254.54811535002705,292.56109619140625,99626.206864761,-0.030877094661853142
2007-05-09 00:00:00,6.174791955284658,169.58149140671003,297.8896484375,99267.4545324221,-0.0013098876826346825
2007-05-09 12:00:00,1.3192599241939893,308.4355860645775,291.2121887207031,99321.70399646134,-0.2029884880169748
2007-05-10 00:00:00,3.103188431141814,0.2097787395823616,300.10833740234375,98984.14227906796,0.005572188175412079
2007-05-10 12:00:00,5.376323804155087,51.71171507711442,294.24267578125,99138.45937832758,0.014752554728879206
2007-05-11 00:00:00,4.877658433908783,211.91569716921822,293.0066833496094,99062.234784387,-0.0068841689989178004
2007-05-11 12:00:00,2.5318599582111054,270.7596130344613,292.8785095214844,99206.61750382051,0.007762099562706941
2007-05-12 00:00:00,5.852422747556845,158.41511412617172,299.65057373046875,99154.63139589273,0.007705721553778745
2007-05-12 12:00:00,4.428046948476361,30.639823819795886,286.466552734375,99606.14152582645,-0.008879232402172001
2007-05-13 00:00:00,5.866522072943131,21.558057827995356,298.5793762207031,99624.26703258474,0.008409192675631042
2007-05-13 12:00:00,6.868825353058359,100.93663457357059,285.8623046875,100136.67152737455,-0.00045551683722926594
2007-05-14 00:00:00,4.156463122309589,123.61869994074698,295.88153076171875,99822.72624109054,0.00537476375407103
2007-05-14 12:00:00,6.400887686570715,172.95158768373608,288.15118408203125,99775.86337156521,0.003729549655782434
2007-05-15 00:00:00,6.7051072509670835,190.22586759394653,300.33721923828125,99341.55249895276,0.00731696525782336
2007-05-15 12:00:00,8.092735618177308,215.86279237316762,292.16741943359375,99238.74982111012,0.0019995850122229092
2007-05-16 00:00:00,5.616523786665026,301.4239355165994,291.81036376953125,98930.12929823823,-0.0024157361940885715
2007-05-16 12:00:00,7.256918803050479,324.8520818023683,283.0301818847656,99486.0689925471,-0.0010840297287956708
2007-05-17 00:00:00,4.326800636515715,10.610942914152986,291.94769287109375,99544.4516065575,0.0031240073561691127
2007-05-17 12:00:00,6.656486402812015,18.640107745895975,281.4157409667969,99965.08075998114,-0.003313273624408835
2007-05-18 00:00:00,6.293809728435617,30.220850018800114,288.5754089355469,100183.49919742643,0.001769926128832655
2007-05-18 12:00:00,2.106822134829929,44.358491429035375,281.1227722167969,100441.4886163132,-0.1416274512310137
2007-05-19 00:00:00,2.8680898546644396,182.75211401406864,292.26507568359375,100080.65843503084,0.009769542836527097
2007-05-19 12:00:00,4.323785701808009,213.17990149370337,282.9660949707031,100131.94699593306,-0.000379865776635837
2007-05-20 00:00:00,5.246630272366168,245.09593119970543,295.55194091796875,99698.71952816435,0.015209887788080717
2007-05-20 12:00:00,5.083387483607349,241.15184581774088,285.77685546875,99746.9234302648,-0.0002969874054637343
2007-05-21 00:00:00,4.073835312846161,192.60752592958784,298.2802734375,99404.65865039144,0.019481798281847887
2007-05-21 12:00:00,4.512696807505459,197.52292018770754,287.1410217285156,99603.98878504877,-0.002663412930585801
2007-05-22 00:00:00,5.99964943071167,177.45902340257112,298.6434631347656,99377.86101321853,0.012612526720765592
2007-05-22 12:00:00,6.448486440328197,155.3353357552537,290.040283203125,99581.69811621669,0.001822912877842465
2007-05-23 00:00:00,6.223899851635555,182.55795365169217,300.52032470703125,99389.11239407727,0.006478433811056628
2007-05-23 12:00:00,5.955031801293058,166.63012579526003,291.71881103515625,99781.7497142974,0.0009912063440206673
2007-05-24 00:00:00,6.343647228028795,186.86181650779452,301.5091552734375,99606.98344983222,0.006760177647791204
2007-05-24 12:00:00,7.907075262042765,191.56731386641934,293.1775817871094,100004.05550199305,0.0038186969605141325
2007-05-25 00:00:00,6.654843385708811,198.63166732332638,300.8377380371094,99725.3574260403,0.0051685461284219445
2007-05-25 12:00:00,3.675604868630583,4.535268713058926,290.0189208984375,100110.7673962016,-0.002282395344655099
2007-05-26 00:00:00,1.0945722200299357,289.9663806627392,292.50006103515625,99872.32853954747,-0.19700619997539137
2007-05-26 12:00:00,4.10579690831348,192.74499106114718,292.6343688964844,99851.63673684599,0.0036048376252383746
2007-05-27 00:00:00,11.47931192741486,324.4542773436478,294.4715576171875,99477.1418698326,-0.001171554558444417
2007-05-27 12:00:00,0.9876277763407892,214.72244840743076,291.67913818359375,99620.86402141926,-0.1566079539877993
2007-05-28 00:00:00,4.828523733404867,156.7479672154666,296.15313720703125,99556.3140351768,-0.002742269090820946
2007-05-28 12:00:00,2.022755060068412,321.45394573119546,292.8876647949219,99814.76675646026,0.019264505379928302
2007-05-29 00:00:00,2.31277662099875,6.4233890681853865,294.2274169921875,99637.15464933838,-0.03944228204775182
2007-05-29 12:00:00,6.149634095206051,134.53092092842513,293.4186706542969,99739.94110874369,-4.376241482437311e-05
2007-05-30 00:00:00,4.4633877723794315,181.74424734347235,302.6719055175781,99433.61539711755,0.024136904501400543
2007-05-30 12:00:00,4.52241298213106,146.0172824458641,293.1836853027344,99625.53837747365,0.003632204662038724
2007-05-31 00:00:00,5.4755999264930875,174.0933439539508,301.1886901855469,99306.92157897647,0.00710622602320557
2007-05-31 12:00:00,2.0783634772204542,245.58870130149614,293.0402526855469,99425.98914211564,-0.07706317283902328
2007-06-01 00:00:00,4.312236120373445,172.8923684110166,297.1388854980469,99243.30189891982,-0.0069292080725449744
2007-06-01 12:00:00,3.8774785262703326,173.1538888624939,292.44818115234375,99230.8936389168,-0.01749186841907431
2007-06-02 00:00:00,0.9703633921674127,51.80315125123759,292.39324951171875,98983.04116045854,-0.05617715959901252
2007-06-02 12:00:00,3.241145074864579,217.23739295949895,292.7106628417969,98913.42194636428,0.0019179545676099473
2007-06-03 00:00:00,4.54354269561442,217.21669402371504,296.13177490234375,98515.84529494382,0.0
2007-06-03 12:00:00,2.267936170611496,225.85453496448338,289.2742614746094,98202.55511732065,-0.05358684315503211
2007-06-04 00:00:00,6.825023605406925,273.85173177343347,296.8428649902344,97931.90570749322,0.00047365953984417856
2007-06-04 12:00:00,5.315941163661601,287.50439570004204,288.7859802246094,97934.82631418387,-0.008214377838635685
2007-06-05 00:00:00,7.173858907433047,346.0463728881964,295.80523681640625,98066.75796821152,-0.0003707662919583372
2007-06-05 12:00:00,4.988581939145842,311.69107854893866,289.0179138183594,98391.18756125154,-0.00833366646454555
2007-06-06 00:00:00,5.181417667704182,324.8517928246863,296.22943115234375,98626.33645508921,0.0027566108638846162
2007-06-06 12:00:00,5.192392170451009,121.1647559846067,286.8053283691406,98980.19275512983,-0.005687425858141324
2007-06-07 00:00:00,7.724151299851472,181.65173922426334,302.446044921875,98361.94762651242,0.003783132234701771
2007-06-07 12:00:00,12.709914034174098,195.92144557216022,297.62109375,98231.97538742372,0.000814409360132286
2007-06-08 00:00:00,13.72442114431899,209.2038467946586,302.8061828613281,98070.95900717087,0.00047365953984417856
2007-06-08 12:00:00,7.419643177012616,235.20498116513568,298.371826171875,98652.17591608646,0.00036678424615907066
2007-06-09 00:00:00,5.734409260435835,313.3394386503028,296.9710388183594,99310.27307955359,0.0
2007-06-09 12:00:00,2.613630889394704,10.539646837564163,287.84295654296875,99791.46869893269,-0.10187249038417776
2007-06-10 00:00:00,0.6027829749159298,317.5555237933705,298.6343078613281,99425.12368534505,-0.017017755233209003
2007-06-10 12:00:00,2.595199970311907,135.8011251292753,291.2640686035156,99488.02221438453,-0.062983979956611
2007-06-11 00:00:00,4.278031078957528,122.95149851557824,300.34332275390625,99231.3811203445,0.031287680339024605
2007-06-11 12:00:00,3.8734035508933697,138.0142666096486,292.8998718261719,99532.69833534822,0.016609104520922128
2007-06-12 00:00:00,3.025011852994483,143.8890122134352,301.6678466796875,99428.2542828024,0.0013915579777718328
2007-06-12 12:00:00,2.151269837221142,104.63978664090172,294.2762451171875,99742.06996487455,-0.22989487602250727
2007-06-13 00:00:00,4.117464455423585,87.5370594163406,302.189697265625,99445.10210114473,0.017582332233133
2007-06-13 12:00:00,3.7485509095929817,73.38602394735885,293.2996520996094,99525.929615999,-0.00869934285212208
2007-06-14 00:00:00,3.692576401487913,89.38522097010669,303.0075988769531,99183.95985886986,0.003312121815113969
2007-06-14 12:00:00,1.9560550373279784,68.65175377386062,295.97308349609375,99279.84369377221,-0.18702226265970667
2007-06-15 00:00:00,3.5069267736826726,74.49801262820743,304.34735107421875,98996.6550683737,0.005648655718073743
2007-06-15 12:00:00,0.909518272432164,135.89014879508102,294.7187805175781,99223.93109446291,-0.34075773890755306
2007-06-16 00:00:00,2.4479068001829436,66.16016831230911,304.27410888671875,99044.2300869004,7.112945162472258e-05
2007-06-16 12:00:00,2.836535322970396,205.84355958202855,296.04022216796875,99341.74152290735,-0.03546294526136194
2007-06-17 00:00:00,3.585126965942014,248.47480646841893,305.7420654296875,99201.66585274573,0.00929037457845147
2007-06-17 12:00:00,4.031002760032592,227.6257354719445,295.93646240234375,99376.06678280239,-0.010668259296025145
2007-06-18 00:00:00,3.908022417996559,197.9987934064825,305.739013671875,98986.44051391681,0.011628962086371599
2007-06-18 12:00:00,3.9713633763736276,185.80308055183866,295.93035888671875,99145.08190108971,0.036793415219853985
2007-06-19 00:00:00,6.332156551912467,237.335698738244,296.7207946777344,98856.28391557312,1.3621093646206174e-05
2007-06-19 12:00:00,5.2320134612583615,310.64030369289253,294.34033203125,99104.38681401745,-0.004020211860946486
2007-06-20 00:00:00,4.7612143171661785,344.24567360776547,300.9170837402344,99454.22984911603,0.008725224579375176
2007-06-20 12:00:00,2.3593406739474823,27.63365582822835,290.2264404296875,99967.0546211595,-0.12171661757027309
2007-06-21 00:00:00,1.4702042889227085,312.42913987373413,301.469482421875,99694.11647625768,0.0021693240542731084
2007-06-21 12:00:00,4.106500741573199,202.59280758699106,292.9395446777344,99761.5050239198,-0.007131596036399155
2007-06-22 00:00:00,2.3532128660148706,250.8284811993717,304.6250915527344,99351.99508944365,0.0
2007-06-22 12:00:00,1.507127301350521,74.98527716056907,292.8571472167969,99494.93459095607,-0.05674142366491918
2007-06-23 00:00:00,5.289851649535494,101.36359334870895,301.8387451171875,99033.32706226489,-4.376241482437311e-05
2007-06-23 12:00:00,5.761386529428255,144.56384962770744,293.3881530761719,99019.2815525743,-0.006476215506064149
2007-06-24 00:00:00,4.56332713297122,186.8436080695168,294.9781799316406,98769.50539790325,-0.009398832811308846
2007-06-24 12:00:00,2.518392741945447,136.89075318103733,293.4186706542969,98977.2557618881,-0.01547635900922897
2007-06-25 00:00:00,4.14838175502903,139.22382581897182,298.0513916015625,99074.00928657145,0.0205945035714357
2007-06-25 12:00:00,1.499407308374363,192.8678690607005,293.9649658203125,99488.40049986873,-0.13138658895226618
2007-06-26 00:00:00,7.848784860134942,186.09386683696584,300.9750671386719,99513.01565151774,1.2248317579128643e-05
2007-06-26 12:00:00,4.949697990972902,211.7474016723629,295.3413391113281,99877.35692444252,-0.012395518552588206
2007-06-27 00:00:00,7.011575860505099,152.33006520006063,294.1785888671875,99814.98655073144,0.0
2007-06-27 12:00:00,3.31827971493138,201.32827624857055,294.4227294921875,99717.63681917792,-0.026936500833951982
2007-06-28 00:00:00,3.4345807217863884,99.51588922491061,298.2589111328125,99500.48916613324,-0.027222655704775483
2007-06-28 12:00:00,2.935091209722258,274.77219200987577,294.8377990722656,99543.31089938399,0.0052994588243712535
2007-06-29 00:00:00,1.148204928165751,302.3345623603757,296.07379150390625,99380.69924716697,-0.18991278243636842
2007-06-29 12:00:00,3.398706056022336,44.26963725383928,288.7310485839844,99699.28447469315,0.002548050083735116
2007-06-30 00:00:00,3.285778770508563,2.401656150008165,298.2039794921875,99498.30647774575,0.005401449961978104
2007-06-30 12:00:00,2.6042684741586033,34.92821728046963,289.0148620605469,99589.25200040026,-0.023668266283170324
2007-07-01 00:00:00,4.628038451435679,40.555323998734316,299.1195373535156,99366.76738588064,0.007828407828472378
2007-07-01 12:00:00,5.260852485080992,72.57545853345562,291.67303466796875,99683.21628039837,0.0030224303029967583
2007-07-02 00:00:00,4.2060493134037875,87.71757333563268,299.3056945800781,99662.46522546287,0.016012338380173935
2007-07-02 12:00:00,6.764570787904016,119.62311436368122,290.7086486816406,100029.0577224267,0.0016468365733715476
2007-07-03 00:00:00,4.295516749018854,109.41356504213667,298.078857421875,99780.2517712016,0.013549775937343111
2007-07-03 12:00:00,2.6196084048135115,142.92381356387045,290.2691650390625,99785.0190267383,-0.09820750441322576
2007-07-04 00:00:00,3.140663250500557,197.2104007964847,301.0544128417969,99337.49484296041,0.013910273950592952
2007-07-04 12:00:00,4.70418650636325,208.8990040281485,295.0148010253906,99150.64467164014,0.0018855386746992149
2007-07-05 00:00:00,6.680181707709607,211.51576468943063,297.60888671875,99088.09594338604,-0.0023673273207875547
2007-07-05 12:00:00,3.11906300261505,259.1278656973302,293.906982421875,99271.179201731,-0.042972545595741284
2007-07-06 00:00:00,0.7451976720028057,264.4097732277787,302.140869140625,99207.89294382723,-0.05195589960814071
2007-07-06 12:00:00,1.7200836681261276,323.5666624325505,294.0870361328125,99536.2663876829,-0.21907694338539713
2007-07-07 00:00:00,4.386052781482715,6.459232868335363,302.7054748535156,99343.89314743174,0.028462896972118804
2007-07-07 12:00:00,2.0162604095938725,122.2638689004965,296.5743103027344,99333.86078774522,-0.144403689644324
2007-07-08 00:00:00,0.9696268180505457,294.4984170288159,304.07879638671875,98914.02932663447,0.0
2007-07-08 12:00:00,3.9786056872183484,206.83021802029964,295.54888916015625,98917.65504731819,-0.003901450482178297
2007-07-09 00:00:00,4.290285466916568,193.82136989389585,304.38092041015625,98683.13870679495,0.014595591505456541
2007-07-09 12:00:00,5.554837691010862,222.37537824808987,297.3982849121094,98865.79782189988,0.0
2007-07-10 00:00:00,1.8321178625185968,196.23841418428242,298.396240234375,98821.40825740946,0.0
2007-07-10 12:00:00,4.7628715627999325,212.54711275483464,293.943603515625,98938.06327300385,-0.009200937724179709
2007-07-11 00:00:00,12.866319546015427,264.0991247499959,296.7299499511719,98794.16261409629,0.0015658869576518613
2007-07-11 12:00:00,5.340347072595697,354.6878690199972,291.3586730957031,99246.13695220661,0.0014174836557372542
2007-07-12 00:00:00,4.6471447385611615,299.693291391759,297.7340087890625,99323.25715306781,0.010418041872563576
2007-07-12 12:00:00,4.33875283643679,257.9594076827483,290.15625,99489.80954272984,-0.004474106223092801
2007-07-13 00:00:00,9.644021824924726,336.9787007318055,293.4644775390625,99293.69036084764,0.0019294822057716117
2007-07-13 12:00:00,2.3898024849444877,282.062111674613,291.47467041015625,99413.86077742426,-0.0318522538152535
2007-07-14 00:00:00,3.4394401474372835,350.61629721500924,299.0951232910156,99238.29792412835,0.03248756257290767
2007-07-14 12:00:00,4.2372123045333145,207.92999660961402,290.443115234375,99122.855486846,-0.006755656038822498
2007-07-15 00:00:00,4.527046623968639,258.36770940626207,302.36669921875,98668.88834833854,0.02088697703865242
2007-07-15 12:00:00,2.8178550591609466,322.6824332415375,292.52447509765625,98902.75988576359,-0.026801352546906132
2007-07-16 00:00:00,4.418675686681184,10.986106014203017,300.51116943359375,99002.02885125266,0.01609197148656663
2007-07-16 12:00:00,2.02118644580628,123.0356114068469,293.0860290527344,99278.01353805939,-0.12273418774666531
2007-07-17 00:00:00,6.644417765361787,50.074334391693824,299.94049072265625,99117.70741296287,5.810418788804321e-05
2007-07-17 12:00:00,6.77005914290955,268.3246120489159,294.46240234375,99350.99509960195,0.003175842295884057
2007-07-18 00:00:00,2.798778342598166,250.4455190995909,302.9099426269531,99075.47866651825,0.0027515332755305706
2007-07-18 12:00:00,3.790749958157376,225.16955663351905,294.8866271972656,99274.50996120214,-0.01658656442961944
2007-07-19 00:00:00,4.7842311990677535,240.0330365302126,305.8580322265625,98814.44658710167,0.029533471335555422
2007-07-19 12:00:00,4.6380584948614745,263.0008559179048,296.9008483886719,98940.1475932746,-0.0025939909530277795
2007-07-20 00:00:00,4.459352221022356,252.71045421752694,294.9018859863281,99075.26975438565,-0.0028622783961482754
2007-07-20 12:00:00,5.79645396539886,61.89203767737577,287.1501770019531,99687.83607619914,-0.00352551048460164
2007-07-21 00:00:00,4.8633278404344,40.486335207023586,296.8306579589844,99571.21630976348,0.013402564295247558
2007-07-21 12:00:00,4.4733048583981105,57.283196965223716,284.50726318359375,99965.44942656683,-0.023480026345490526
2007-07-22 00:00:00,3.134185698108577,61.93827819716629,297.75537109375,99816.88510573308,0.025503346341352935
2007-07-22 12:00:00,2.7612893534883725,106.78856966175812,289.1857604980469,100037.83301121504,-0.10572767631925695
2007-07-23 00:00:00,2.6503645647850096,95.95269966602302,298.4847412109375,99784.76543578913,0.0
2007-07-23 12:00:00,2.1621683861819623,54.85960822659324,289.1186218261719,99763.29652221408,-0.1547111431935312
2007-07-24 00:00:00,2.7402810136611957,68.50299688204856,299.3514709472656,99389.41533710166,0.010086193867612137
2007-07-24 12:00:00,1.7167013472660628,50.83864412117801,290.3515625,99498.0670997696,-0.14825060854563474
2007-07-25 00:00:00,3.1382930044981627,80.21213029631213,300.23651123046875,99278.76914562949,0.018719464569516828
2007-07-25 12:00:00,1.5584305712410622,76.02527243222373,291.99652099609375,99494.74579108322,-0.17596227967189076
2007-07-26 00:00:00,2.3031744051924337,175.16889039032606,301.2405700683594,99218.20531003085,0.0
2007-07-26 12:00:00,3.5412785153505766,186.51580864733853,293.4125671386719,99296.80325557396,-0.009931929464583955
2007-07-27 00:00:00,4.130396890853375,242.74346243764376,302.9801330566406,98965.06517073362,0.018754703588259158
2007-07-27 12:00:00,5.436710026587103,245.69983521608037,296.37896728515625,98953.34850323196,0.02305535389489375
2007-07-28 00:00:00,5.239524078092664,325.028367791613,302.018798828125,98656.16339274686,0.03262658959462774
2007-07-28 12:00:00,2.26937921431484,10.109475085812889,292.6648864746094,98880.90159967309,-0.026752799236070293
2007-07-29 00:00:00,2.8660916598102077,52.643010462625966,302.031005859375,98855.50485006937,0.003541639432780387
2007-07-29 12:00:00,3.5275505194683148,59.16641745443222,294.2579345703125,99054.29308507295,-0.014345571614458893
2007-07-30 00:00:00,4.406818162251245,68.28559343680922,301.921142578125,99022.10196811604,0.022175017520998725
2007-07-30 12:00:00,4.249372818340803,40.598350749929,289.3322448730469,99293.47063812702,-0.00022158604388617956
2007-07-31 00:00:00,4.93006653136794,77.65752010025412,302.0584716796875,99223.61153381487,0.024777569593281805
2007-07-31 12:00:00,4.581054463543359,68.26325661996009,291.63946533203125,99457.50167792689,0.01227701950347716
2007-08-01 00:00:00,3.9107128254749077,92.85502630893865,303.2914123535156,99224.40737629977,0.0529934646818367
2007-08-01 12:00:00,3.523892438149673,75.69548052417478,294.1358642578125,99341.43642136984,-0.009233494568200775
2007-08-02 00:00:00,2.8548626103561783,95.27618737229244,303.2700500488281,99103.22377391979,0.04060604915533731
2007-08-02 12:00:00,1.2105427360826746,119.88507621922895,294.3525390625,99330.33659679546,-0.06916880707236198
2007-08-03 00:00:00,1.914161481281952,325.4670220854606,303.64544677734375,99218.11503350067,0.09414391409936095
2007-08-03 12:00:00,1.7196267228238449,156.53720334752552,297.0625915527344,99390.1078400322,-0.018953971471608964
2007-08-04 00:00:00,3.2799808042151177,46.6031000309682,304.01470947265625,99220.93778197796,0.04140281858227514
2007-08-04 12:00:00,2.5413065850141003,186.86209362039403,295.64654541015625,99397.84451784338,-0.038322918660435
2007-08-05 00:00:00,3.038024660242971,213.00169434080908,298.091064453125,99196.7733225008,0.029370360011002444
2007-08-05 12:00:00,5.465338152500839,223.52541926645495,297.7462158203125,98978.35523693752,0.004732629768858419
2007-08-06 00:00:00,4.576362773451899,240.0021922075939,305.5040283203125,98689.87731227721,0.036814109742076044
2007-08-06 12:00:00,5.578312686475144,242.79378932046075,298.8723449707031,98899.89865716615,0.00491634778295601
2007-08-07 00:00:00,4.5202013302590665,194.31136223917576,306.068603515625,98726.52994015983,0.03155397333477106
2007-08-07 12:00:00,4.97063897543677,238.8043011102444,298.7075500488281,98822.83192152341,0.005265295292256129
2007-08-08 00:00:00,3.9804551324859476,229.90980514696003,306.2486572265625,98716.66959317807,0.03591064245152079
2007-08-08 12:00:00,3.1447666462999506,229.50613828987764,298.1734619140625,98849.75366377087,0.0009086342532180294
2007-08-09 00:00:00,3.749900624547333,184.97253111837892,306.8071594238281,98730.11948073309,0.04721469081669009
2007-08-09 12:00:00,5.416657051723925,256.03107733977106,296.15924072265625,98860.86204057313,0.011901537855660824
2007-08-10 00:00:00,3.9219631919784383,291.841214507643,303.95367431640625,98891.39363375635,0.05301657696485801
2007-08-10 12:00:00,4.1860552149587456,336.654952011688,294.8744201660156,99217.46706643024,0.018590654634595156
2007-08-11 00:00:00,4.000064513220543,347.44739722543085,303.48065185546875,99192.65206012738,0.07207400497371125
2007-08-11 12:00:00,4.093087382057637,95.88456422720049,294.273193359375,99417.54829785792,0.007076584414672653
2007-08-12 00:00:00,2.457635011873836,166.31649096754097,304.10015869140625,99316.10633100517,0.09801455249942251
2007-08-12 12:00:00,4.154185254687068,164.99384823556534,296.01580810546875,99499.63024962366,0.009862961736598123
2007-08-13 00:00:00,3.0467027691570903,107.41018605126959,307.0451965332031,99322.69216353592,0.10489658505442452
2007-08-13 12:00:00,4.201234909613188,46.128026893825684,296.5926208496094,99531.66587141984,0.004198438202255536
2007-08-14 00:00:00,3.7761700812807466,108.35185610768207,303.83465576171875,99337.3515114327,0.04024689895704474
2007-08-14 12:00:00,5.180446294822788,158.16098687524936,294.8988342285156,99300.26417780075,0.008071091975599312
2007-08-15 00:00:00,3.788518623351677,239.09148566110684,308.08587646484375,98798.77489115816,0.08755707533092577
2007-08-15 12:00:00,0.6760445981176981,233.47993950940622,296.9588317871094,98895.30736339408,0.0
2007-08-16 00:00:00,4.248234904472101,226.123822193686,308.6748962402344,98748.48391544698,0.20216661664676058
2007-08-16 12:00:00,1.0339785459912452,337.65763430770164,299.0188293457031,99023.61686093005,0.022534965735932336
2007-08-17 00:00:00,6.852555725730055,19.700916882687665,295.57330322265625,99230.50110066003,0.0012563051037153457
2007-08-17 12:00:00,1.9328819615574282,66.88353184465467,292.38409423828125,99555.48863736872,-0.025640830074873035
2007-08-18 00:00:00,3.7149851426950553,54.65231981006503,301.4175720214844,99528.67475650996,0.10267102326475082
2007-08-18 12:00:00,8.251220104365771,113.01461666196656,290.5835266113281,99860.7935816729,0.003535330648696604
2007-08-19 00:00:00,5.565344571583743,130.6251797175434,300.7187194824219,99389.722265469,0.03393911230062724
2007-08-19 12:00:00,4.78028833755711,226.59910395810164,295.53057861328125,99257.35546063002,0.008763313890549481
2007-08-20 00:00:00,5.611671228542079,53.22417782420501,298.3870849609375,99091.39971205605,0.0005384637911692189
2007-08-20 12:00:00,2.8100953865184892,186.2914640792967,295.97613525390625,98968.49603920899,0.050314286808061486
2007-08-21 00:00:00,5.91100346340061,204.40447335344163,300.37689208984375,98835.56902887583,0.01648168615954109
2007-08-21 12:00:00,5.823925380797656,224.37448638257115,297.62109375,99085.68038791667,0.009566751277291938
2007-08-22 00:00:00,5.747809114246333,212.5229604543248,305.616943359375,99064.2323243881,0.05431777254377081
2007-08-22 12:00:00,6.8698199265933315,229.9361728164754,297.5875244140625,99377.46233934801,0.014587268966936592
2007-08-23 00:00:00,5.526548165258216,194.32337839274396,304.7990417480469,99135.50708575394,0.10508810363227589
2007-08-23 12:00:00,9.278952098613548,170.8201279307175,297.1083679199219,99228.54361231049,0.004862640354528734
2007-08-24 00:00:00,6.155934391357446,180.60003799452215,304.22833251953125,98820.98100885285,0.02078046397746336
2007-08-24 12:00:00,6.467188025843567,199.5303518945891,298.042236328125,98868.82842384896,0.012343683298259758
2007-08-25 00:00:00,2.1926120443327566,339.1416713783145,296.09515380859375,98715.27793922569,0.0
2007-08-25 12:00:00,6.06716920375715,235.54275154711786,294.5447998046875,99016.2282356121,0.0018311105668544767
2007-08-26 00:00:00,4.533327649456839,342.95313343826894,298.9883117675781,99127.05287152341,0.07479775719866841
2007-08-26 12:00:00,4.635347749005588,69.74633737870855,290.6384582519531,99543.67067289444,0.11798523284855048
2007-08-27 00:00:00,2.6494087448672876,80.51561019955659,298.53662109375,99433.40273062336,0.17275461526940805
2007-08-27 12:00:00,6.0554560871650445,129.2206246031534,290.9039611816406,99592.03057508639,0.04829971179055358
2007-08-28 00:00:00,4.09008577879828,155.07876122062055,301.6190185546875,99364.32273355566,0.21797547217253757
2007-08-28 12:00:00,5.15553543456055,175.9742659593262,294.0626220703125,99424.35262690153,0.05586671968452018
2007-08-29 00:00:00,4.19123308555288,177.34328882285126,304.8783874511719,99281.24611184599,0.21954239562310973
2007-08-29 12:00:00,2.7507672023093974,231.41244386149629,296.9039001464844,99436.93331528785,0.15557546618906085
2007-08-30 00:00:00,6.167987942369757,2.2514281529640954,303.2700500488281,99408.67043791346,0.06907513045909179
2007-08-30 12:00:00,5.107523270564578,23.566287481494655,293.2233581542969,99771.57950636874,0.0021680594575913415
2007-08-31 00:00:00,7.615148279085448,14.121927918298056,297.5509033203125,99620.7340432696,0.035740320295304565
2007-08-31 12:00:00,5.50077878561155,27.917734770202692,284.8735046386719,99796.98848906685,0.02928391406399844
2007-09-01 00:00:00,5.145552960142015,44.051401126022256,296.7635192871094,99703.68926088065,0.20356670965292767
2007-09-01 12:00:00,6.748337860639253,69.81091074246872,286.6649475097656,99925.81592274822,0.07627847843760088
2007-09-02 00:00:00,5.499941442468839,86.721352493803,297.3952331542969,99749.9328445126,0.22698269934346188
2007-09-02 12:00:00,4.4638796740831905,103.68406562982966,289.0606384277344,99827.58128717307,0.1601370422792498
2007-09-03 00:00:00,0.9915850535454441,201.00053098648198,300.9689636230469,99637.54764800385,0.2731781213423318
2007-09-03 12:00:00,2.0798702632212023,224.369704225065,290.0006103515625,99835.30637093306,0.17298571691590747
2007-09-04 00:00:00,0.379599041753531,221.28078703751385,302.6535949707031,99530.0526216149,0.2970817320869236
2007-09-04 12:00:00,2.7502771672280435,147.97749241075059,295.2467346191406,99463.64253390637,0.20301452362792047
2007-09-05 00:00:00,7.581544633050366,215.67266335892282,298.103271484375,99229.91163753669,0.007767779369835894
2007-09-05 12:00:00,2.7600574217800626,191.5441481676993,294.46240234375,99298.98866296287,0.08789366144268058
2007-09-06 00:00:00,5.435064810930865,125.63268886517892,300.7583923339844,99144.9415908628,0.04373066319063184
2007-09-06 12:00:00,5.504524743051637,167.02392384743393,294.0260009765625,99330.69051391681,0.014352963625069695
2007-09-07 00:00:00,7.831828197804106,163.7114728996437,295.96697998046875,99092.17896216577,0.0018409307309494405
2007-09-07 12:00:00,9.748107536796887,203.09688536271028,295.3779602050781,99076.48209317809,0.00264829421136458
2007-09-08 00:00:00,5.349597475345519,205.89952265352713,299.2263488769531,99007.3478845461,0.02732856178215754
2007-09-08 12:00:00,1.3679327133414811,325.61998801849853,294.5570068359375,99233.41199661489,-0.025432907285675616
2007-09-09 00:00:00,1.5148233262114952,128.83284135084727,296.51629638671875,99046.06885317665,0.03532728146989216
2007-09-09 12:00:00,3.093471605444066,359.3084628820702,290.8276672363281,99345.60753796787,-0.010592676818199568
2007-09-10 00:00:00,4.490394044911881,15.317870087080962,299.72991943359375,99414.34803796286,0.23807266173358727
2007-09-10 12:00:00,3.7740844194981333,79.04535335270825,289.0606384277344,99548.1003859886,0.0764153555645485
2007-09-11 00:00:00,4.432627653723437,326.6313922180127,299.82452392578125,99107.78273378023,0.14520849682665105
2007-09-11 12:00:00,7.248933342173652,318.72763500216354,285.4442138671875,99363.3411344779,-0.0025427515286088587
2007-09-12 00:00:00,6.356664458828446,292.3834977402197,294.474609375,99221.60519544833,0.10635697996148159
2007-09-12 12:00:00,4.951013166534754,8.637727062841037,280.8542175292969,99714.66656449804,0.10541432197638399
2007-09-13 00:00:00,0.09495951392645048,139.76444453969572,292.15521240234375,99613.90344614662,0.2650127533901118
2007-09-13 12:00:00,4.5950366927677475,151.72292268272673,286.3963623046875,99584.2370304148,0.18476437775929697
2007-09-14 00:00:00,5.451755699315665,177.5139683232777,297.2151794433594,99137.36092028949,0.1830030992252478
2007-09-14 12:00:00,6.930091911998941,304.57495420979467,287.69342041015625,99226.2274823706,0.023034925816879253
2007-09-15 00:00:00,7.442276338267193,335.01919010796155,288.7981872558594,99780.17985040377,0.0675628489320797
2007-09-15 12:00:00,5.723550343100811,7.8598596427816005,276.7189636230469,100450.06948433229,0.12907168793886784
2007-09-16 00:00:00,0.8199516861747117,167.73268568393473,288.19085693359375,100150.81627604413,0.2600542803386928
2007-09-16 12:00:00,4.220085465687184,147.66959342042014,284.8582458496094,100081.4705212016,0.1513468367924171
2007-09-17 00:00:00,5.873698963944166,156.64735466706406,292.53668212890625,99731.1161191908,0.11505334135385221
2007-09-17 12:00:00,6.9107355656568865,166.3840750522503,287.45843505859375,99845.230486846,0.015109393646821873
2007-09-18 00:00:00,6.648225349970833,160.12238239765986,297.9049072265625,99614.33895657727,0.05970304268583084
2007-09-18 12:00:00,6.713591995571225,176.43853674440334,290.3851318359375,99764.15594902422,0.03506149179448254
2007-09-19 00:00:00,7.421441633284316,166.01207568162727,299.50714111328125,99546.82508100515,0.03185274128381293
2007-09-19 12:00:00,5.749886532833861,202.63049443569935,292.9029235839844,99729.43132571853,0.03347506382758848
2007-09-20 00:00:00,4.168880829457614,212.9132626390301,297.3555603027344,99703.80187848612,0.03974583310958833
2007-09-20 12:00:00,1.6762039315020811,22.276476264556123,293.1836853027344,99777.36472166932,-0.03252147491459519
2007-09-21 00:00:00,3.505376809743762,190.3121723971435,301.6220703125,99369.72625636373,0.18400932198312842
2007-09-21 12:00:00,3.3288168956525976,203.5929702424304,293.5072021484375,99335.09676907728,0.14573089654844434
2007-09-22 00:00:00,6.09252200712679,202.17034254201894,301.0544128417969,98984.32618636127,0.09688432725173172
2007-09-22 12:00:00,5.791464820927347,4.773672517815982,291.77984619140625,99454.24887511146,0.11289976311097913
2007-09-23 00:00:00,4.330201130919261,117.83081955143172,298.17041015625,99612.87802918999,0.15698494340735084
2007-09-23 12:00:00,5.718573931087629,95.51040319625287,290.8825988769531,99794.77435876014,0.05550389088300187
2007-09-24 00:00:00,6.402530989801568,145.21256353316664,302.3026123046875,99502.3755179349,0.09940909436597119
2007-09-24 12:00:00,5.827159664206454,172.74090343349235,295.1216125488281,99568.84986023177,0.030708565474577936
2007-09-25 00:00:00,4.217022023156823,173.15433446294674,299.85809326171875,99318.00858892914,0.01921614354276787
2007-09-25 12:00:00,5.585299710839824,221.59545719063976,295.2955627441406,99480.4362337732,0.0036422748397630655
2007-09-26 00:00:00,2.717340064117819,257.01743215199804,295.54583740234375,99353.33111925315,0.059522737764645374
2007-09-26 12:00:00,3.3491561719021767,346.36540707473387,289.4085388183594,99453.93853323332,-0.002426429106991857
2007-09-27 00:00:00,1.4408716605296195,263.9967250232951,292.9548034667969,99295.1637408823,0.1292945010509063
2007-09-27 12:00:00,1.682189860864921,10.39925232338706,287.3668518066406,99350.03834609721,0.12972980200833711
2007-09-28 00:00:00,4.295483860442088,269.89543887665104,296.44610595703125,99281.10768805059,0.2226148920062712
2007-09-28 12:00:00,2.2285996120555973,298.1831693075843,286.8999328613281,99769.9309868825,0.1437163951055761
2007-09-29 00:00:00,1.7413312573069508,72.62811741605093,296.7848815917969,99842.67840387582,0.2427810337909951
2007-09-29 12:00:00,6.601800430647344,141.5764993626662,287.98333740234375,100138.46107103866,0.08448679145863329
2007-09-30 00:00:00,7.584373423661429,145.6048058269257,295.92120361328125,99994.43582332594,0.05375738915765436
2007-09-30 12:00:00,7.539095093807247,161.9728665559844,287.49810791015625,100051.54876312701,0.025497060600793806
2007-10-01 00:00:00,9.338443106046304,170.17006911379622,297.749267578125,99591.14143949306,0.010083271436295001
2007-10-01 12:00:00,7.14315945512528,248.7235766855341,290.333251953125,99549.80857928823,0.01318387707063363
2007-10-02 00:00:00,3.3731877255975347,253.5063220479002,294.3494873046875,99678.52039385083,0.15651739104747145
2007-10-02 12:00:00,5.708779750087687,159.34714058057295,288.6913757324219,99584.16622647534,0.045020402811027295
2007-10-03 00:00:00,9.339717037728281,167.27640240294522,298.6739807128906,98858.45743855703,0.007544445686745324
2007-10-03 12:00:00,5.498518984692035,324.6101453120092,290.9649963378906,99230.24816296787,0.018312852993135655
2007-10-04 00:00:00,1.97816235193216,59.48912156801966,296.45526123046875,99312.76292418837,0.19230104631446687
2007-10-04 12:00:00,2.171308050656425,143.7194170093561,290.8948059082031,99445.11722454694,0.08157792426914633
2007-10-05 00:00:00,4.044322933917533,131.82401421845555,300.6058044433594,99355.94128120459,0.14792879366249972
2007-10-05 12:00:00,5.123241994325736,160.28158828477433,293.6170654296875,99632.44980034202,0.018931891536887246
2007-10-06 00:00:00,6.22703003175095,168.87026678748168,301.3748474121094,99472.88782253614,0.031225516980521645
2007-10-06 12:00:00,5.2932551622199835,171.26211626321617,294.3250732421875,99665.19660237485,0.016028749859800354
2007-10-07 00:00:00,6.409559581485419,165.36921418482052,301.7838134765625,99380.8009078939,0.024363817832656648
2007-10-07 12:00:00,4.972901293250256,169.1451271071062,295.65875244140625,99582.37122004824,0.05806841912624745
2007-10-08 00:00:00,3.9521999435005903,172.4878110360405,302.165283203125,99366.21060576958,0.1269757601244093
2007-10-08 12:00:00,4.844370743413832,182.6753965667665,294.8347473144531,99307.56117523232,0.06689770197567305
2007-10-09 00:00:00,1.8251831379568333,235.79849976069158,295.3138732910156,99205.65781042527,0.015886808984427906
2007-10-09 12:00:00,5.782405233774405,301.1094238485513,286.5642395019531,99596.27172805993,0.06333861948305002
2007-10-10 00:00:00,7.85419133957366,288.42654079165516,294.9354553222656,99268.48554655991,0.04970615166488833
2007-10-10 12:00:00,5.6800914369686035,314.063029800085,280.21942138671875,99426.39267547519,0.020101653622281213
2007-10-11 00:00:00,6.733595394226847,314.94365382170906,284.15325927734375,99323.95005045876,0.015599742782938505
2007-10-11 12:00:00,5.959823080197856,320.60806081943485,278.220458984375,99414.78996332646,0.02894962639248248
2007-10-12 00:00:00,4.832717660234594,20.468573112839522,285.782958984375,99313.56213194087,0.11577678953478887
2007-10-12 12:00:00,2.0436855544718764,2.7565572320609277,279.2825012207031,99413.76975454827,0.09062150364487064
2007-10-13 00:00:00,1.7490384297038308,326.0004838400329,288.19390869140625,99233.62503704692,0.1411269057381947
2007-10-13 12:00:00,1.842687058747004,129.75242590536732,283.1400451660156,99476.23232438811,-0.027795889951160054
2007-10-14 00:00:00,4.8471126557890605,131.65420914974123,291.83172607421875,99252.43821249515,0.045458543038098986
2007-10-14 12:00:00,5.273714711879105,140.70926881030277,287.4004211425781,99480.46938543652,0.017625555084787935
2007-10-15 00:00:00,6.825692121879054,149.1496734838845,295.53973388671875,99222.6641199806,0.03831839847998498
2007-10-15 12:00:00,6.119560777726325,145.74588036876236,287.80328369140625,99154.7986735989,0.03558198784118185
2007-10-16 00:00:00,5.1805419311796435,192.58063867182204,291.60284423828125,98949.04550404183,-0.0002979179333728846
2007-10-16 12:00:00,5.375306195114892,209.56629187842452,288.7249450683594,98987.26427463813,0.000747080838058806
2007-10-17 00:00:00,5.729634093500707,237.0442690926145,291.82257080078125,99085.83930987319,0.06716372598990374
2007-10-17 12:00:00,5.505346258025956,125.67519041701979,285.9447021484375,99067.41941551107,0.027741105212841018
2007-10-18 00:00:00,10.762897445524237,133.14594114362944,293.8245849609375,98070.37367011061,0.0012290629164229336
2007-10-18 12:00:00,12.563206108438255,179.84256090323174,292.42071533203125,97390.66856762658,0.0007788446343199247
2007-10-19 00:00:00,6.764012743066326,217.51371607844567,295.50921630859375,97295.3464054148,0.028260951256422553
2007-10-19 12:00:00,8.19174561506085,247.9152147221107,286.3353271484375,97741.33024753175,0.0
2007-10-20 00:00:00,7.131709925138762,249.1893383129369,288.19390869140625,98276.33131653818,0.014113484577584478
2007-10-20 12:00:00,6.384014426378826,207.00124414125844,282.04443359375,98844.46201222249,0.0336152977361461
2007-10-21 00:00:00,11.027690349705583,179.54322400388241,293.711669921875,98706.54618939741,0.006720216162518073
2007-10-21 12:00:00,10.258259259067273,183.04706542905967,288.43194580078125,98837.21752311358,0.008419318805481968
2007-10-22 00:00:00,8.432833302701706,176.14669634436018,293.6292724609375,98990.82905641844,0.01866299216225483
2007-10-22 12:00:00,4.491129904033199,209.85066768000218,286.2559814453125,99307.25785827011,0.13072305788741398
2007-10-23 00:00:00,8.918547233435353,352.03477383094173,284.31805419921875,99128.62316296791,-0.0010840297287956708
2007-10-23 12:00:00,6.6196968954247195,0.6416240261252852,281.99560546875,99161.10257013916,0.0018884940753250562
2007-10-24 00:00:00,6.4975930691236625,348.86787489551006,285.7554931640625,99134.04962690653,0.06595601371748065
2007-10-24 12:00:00,7.823263294648052,4.686847378764298,279.55108642578125,99419.80696402473,0.018436163515368975
2007-10-25 00:00:00,7.721087174992053,17.450018117709718,283.4147033691406,99785.1828081839,0.019145972153548723
2007-10-25 12:00:00,9.81030907465099,29.49792625020396,277.2133483886719,99630.14593193766,0.004928346401519263
2007-10-26 00:00:00,7.034209307948106,40.409322986679456,282.43505859375,99434.54999086907,0.0034325622503186995
2007-10-26 12:00:00,2.20520727949399,104.36139811231266,282.0352783203125,99484.6654541897,0.07832840315858028
2007-10-27 00:00:00,3.7439613907835034,218.4796403690268,283.4330139160156,99426.17368051896,0.00504136577925603
2007-10-27 12:00:00,6.489594490649194,288.2377853986512,282.5540771484375,99982.61309944221,0.0016188737066616713
2007-10-28 00:00:00,6.321737112849101,332.59684427817353,285.2702331542969,100634.36536078884,0.03586517383547057
2007-10-28 12:00:00,4.355718243916807,26.273773143078664,276.9600524902344,101221.39472379365,0.16414651289058327
2007-10-29 00:00:00,1.4936933808722215,95.2522865090541,284.6385192871094,101087.86711599902,0.17941112585502564
2007-10-29 12:00:00,4.99276018468708,167.9167937716942,278.53173828125,101023.2616953568,0.1303371220610896
2007-10-30 00:00:00,5.745592891323228,189.64849507295105,285.5784912109375,100596.26577897235,0.07557506305081194
2007-10-30 12:00:00,6.5243114159052675,188.8593721719966,278.9895324707031,100428.30832044833,0.04161595775791005
2007-10-31 00:00:00,8.12433024718935,174.52852132420298,287.57745361328125,99901.14686247816,0.024147099214019318
2007-10-31 12:00:00,7.088741170050522,190.12243670587327,280.17974853515625,99669.73879020925,0.025030749435461602
2007-11-01 00:00:00,5.769485287874633,312.63383491886964,288.33734130859375,99704.78166454747,0.004773617899304974
2007-11-01 12:00:00,5.211253651030002,347.44524797285044,276.29168701171875,100352.29120604167,0.13042277127099072
2007-11-02 00:00:00,1.7815035365170098,68.8826850734279,282.8440246582031,100171.48717355622,0.1654741229928335
2007-11-02 12:00:00,2.782777378264682,113.13997632792376,275.1625061035156,100208.49596354413,0.13783504266410224
2007-11-03 00:00:00,1.8558339360830443,202.85080144587573,285.0474548339844,99974.51031965853,0.18713983062050313
2007-11-03 12:00:00,6.279594307136218,344.8507454869216,276.8471374511719,100128.94025741272,0.09697206285107593
2007-11-04 00:00:00,3.287044431352777,297.44750966845413,284.27227783203125,99848.2862586466,0.13475625008943742
2007-11-04 12:00:00,6.971379078161456,236.09775203991728,276.8776550292969,99386.63707801783,0.026667793379234615
2007-11-05 00:00:00,5.07507369162723,219.2826986592047,286.1400146484375,99274.69537375154,0.14239424572915255
2007-11-05 12:00:00,6.765432225328199,213.310270689881,280.7748718261719,98750.12588497702,0.014294207340532036
2007-11-06 00:00:00,8.876191930529394,313.04963326897234,281.6416015625,99379.38165130738,0.006819308480852673
2007-11-06 12:00:00,7.41734150872497,290.08210824200376,272.20526123046875,100024.87244521716,0.012246020022732325
2007-11-07 00:00:00,6.528847172059719,298.4260913287618,277.2621765136719,100375.39574561977,0.04040417004834517
2007-11-07 12:00:00,3.759302599922636,302.7485244323934,270.2215576171875,100556.79581046177,0.081248585110537
2007-11-08 00:00:00,5.590081401671921,191.26649278659465,278.1441650390625,99935.64773141814,0.03843409454628341
2007-11-08 12:00:00,7.304319519412287,192.56101740065276,274.7962951660156,99356.59033227556,0.012595881643725694
2007-11-09 00:00:00,5.321950421759849,269.58590599679496,284.8307800292969,99169.82085487006,0.14842034352771222
2007-11-09 12:00:00,3.8211757982944152,324.6983568433315,277.70166015625,99394.99285711643,0.10950390040552284
2007-11-10 00:00:00,6.343462178342113,334.12774292384125,281.8643798828125,99641.99469981901,0.08295979669455343
2007-11-10 12:00:00,3.6693662667071583,79.70558947215984,275.1289367675781,100083.98145882775,0.12520426120897418
2007-11-11 00:00:00,7.440826741357381,151.70810085198576,281.4523620605469,99692.99681864608,0.018881803921763193
2007-11-11 12:00:00,9.967124163824638,179.12742475514335,281.4187927246094,99332.94378216205,0.001906636777939969
2007-11-12 00:00:00,8.532135923770525,180.7318905797922,285.9935302734375,99173.67628504877,0.005464937703976153
2007-11-12 12:00:00,8.362694769937995,201.88451848327168,286.4818115234375,99505.91929661992,0.006096224879920376
2007-11-13 00:00:00,5.161323896080235,0.8385030098928894,286.8968811035156,99538.32722165543,0.0006006748743644659
2007-11-13 12:00:00,2.2298660210990895,19.040017696613006,280.9457702636719,99572.75600168387,0.09599203207078552
2007-11-14 00:00:00,6.40548472663035,179.11673090546435,288.43804931640625,98842.93591981768,0.04378225841049941
2007-11-14 12:00:00,5.944938711425444,277.44827186805014,284.15936279296875,98681.2964654763,0.02231493264052075
2007-11-15 00:00:00,6.98521214623579,295.939962304329,283.1430969238281,99143.2615508259,0.007447531822879015
2007-11-15 12:00:00,7.25934794261979,298.1532008977173,272.8949890136719,99679.25477743657,0.008374654594992106
2007-11-16 00:00:00,4.754304310855746,295.32855914737786,276.27642822265625,99963.44883690042,0.13618509332205203
2007-11-16 12:00:00,3.8025168196161547,203.03494901820557,272.8125915527344,99781.31924796177,0.048813290013962195
2007-11-17 00:00:00,8.173575483839612,171.82105287006482,279.1390686035156,98993.38970499267,0.014815305375243894
2007-11-17 12:00:00,6.4624675822528115,213.5974587152857,276.06890869140625,98787.91052268968,0.03675900738420862
2007-11-18 00:00:00,5.10358285461826,348.15091709983045,284.9192810058594,99178.03303508527,0.17343571777448946
2007-11-18 12:00:00,4.458294793393588,61.29661939578919,274.8847961425781,99909.02994589655,0.0101650267304159
2007-11-19 00:00:00,6.077857382699119,111.25551592391167,281.1044616699219,99886.57889800386,0.003136476640520453
2007-11-19 12:00:00,6.384022713933599,169.32738838715625,282.1024169921875,99653.2681788082,0.003729549655782434
2007-11-20 00:00:00,9.421380630626066,194.44765011876711,288.54180908203125,99211.38868636127,0.007980322195784663
2007-11-20 12:00:00,6.796823639618505,206.56623103794118,286.4635009765625,99316.7842690773,0.0023939174114303535
2007-11-21 00:00:00,7.720963640484085,181.1866297608267,290.11962890625,98939.99637381066,0.009429587261746173
2007-11-21 12:00:00,3.829960651449985,240.98623329529028,288.35260009765625,98716.25275786225,0.01768720962007761
2007-11-22 00:00:00,8.580140153361194,347.5768953465227,278.4493408203125,98881.974170716,-0.0011195944546080322
2007-11-22 12:00:00,7.477345887625086,322.65120126033025,273.5328369140625,99900.31572784227,0.005838603129820245
2007-11-23 00:00:00,5.569658853017368,313.33628034614276,273.8868408203125,100516.53242121421,0.017346569116215276
2007-11-23 12:00:00,4.330743422424957,323.96881334221496,268.9306335449219,100799.84108429016,0.017034202174233917
2007-11-24 00:00:00,0.14231940400868107,112.7304072581345,271.95196533203125,100646.26617769104,0.13291107169169802
2007-11-24 12:00:00,3.506705935268264,177.9295918509581,271.55218505859375,100550.8334768298,0.005927029755134479
2007-11-25 00:00:00,4.086177173600817,206.0004417155401,275.63555908203125,100244.45528381485,0.1467876253752178
2007-11-25 12:00:00,4.1745387790114075,168.38944022220312,273.4259948730469,100109.3781468999,0.04941146717261719
2007-11-26 00:00:00,2.5575196689683652,99.33968985256956,274.097412109375,99542.35890528868,-0.008963926680702844
2007-11-26 12:00:00,5.660924364158873,3.775183634393798,274.4239501953125,99114.86833804999,-0.0021544383639451356
2007-11-27 00:00:00,6.525796372387373,311.13737343494586,275.99871826171875,99671.02905451147,0.03260569796223962
2007-11-27 12:00:00,4.537711314878783,246.02361043239728,270.9265441894531,100359.03708753256,0.01893877271657227
2007-11-28 00:00:00,1.0392335358964948,84.49737994661884,277.640625,100475.9870304148,0.16790446197126227
2007-11-28 12:00:00,9.085838030054171,168.75704942514494,274.4849853515625,100032.42601986708,0.00563238550417116
2007-11-29 00:00:00,7.690673992771021,204.81546307415124,281.87353515625,99346.92948301593,0.008259762728543011
2007-11-29 12:00:00,5.406586966166933,296.18376489824357,269.2480163574219,100363.11397854055,0.0031273771558429533
2007-11-30 00:00:00,5.019921055643896,190.39682774566973,274.6284484863281,100389.895992103,0.12514665114765897
2007-11-30 12:00:00,7.744161044627643,212.33798495714564,272.10760498046875,100400.38062733246,0.014767146200958751
2007-12-01 00:00:00,5.199861484556717,358.67283555596936,272.9346618652344,100801.03784965989,0.12290443521905896
2007-12-01 12:00:00,6.354318735561599,108.58180291609256,269.3090515136719,100664.35246848695,0.006242035013705188
2007-12-02 00:00:00,12.187614172850745,146.4848335804785,276.8837585449219,99280.02449297013,0.003008088529933088
2007-12-02 12:00:00,9.877671954586544,193.0914513374812,284.08306884765625,98785.90727430188,0.006751979958779192
2007-12-03 00:00:00,12.472936476112293,301.4131879535904,273.3466491699219,99569.23818938393,-0.001389214823271417
2007-12-03 12:00:00,7.000048213325341,302.63471470721356,266.351806640625,100653.06100576211,0.0
2007-12-04 00:00:00,4.527724760934601,259.6642598379083,271.95806884765625,100378.85670412969,0.1412341574683962
2007-12-04 12:00:00,4.205051222927913,210.4165372991306,270.2581787109375,99470.04156965854,0.06643623941265363
2007-12-05 00:00:00,5.2101763477920535,160.97351319113704,275.0984191894531,98662.71695961755,0.07138488741753625
2007-12-05 12:00:00,7.418208479595528,344.53877796456777,271.51556396484375,98187.95107281553,0.008706180081094778
2007-12-06 00:00:00,6.121772037099454,351.98392925717303,270.9509582519531,99818.71257428337,0.01707557015113966
2007-12-06 12:00:00,0.929662977053757,133.40698469098885,266.5807189941406,100169.19695444389,0.023555375855129634
2007-12-07 00:00:00,4.420235651543882,152.4809450530223,272.16864013671875,99663.9816989692,0.011166705335181146
2007-12-07 12:00:00,3.928171840782952,210.56183630747046,270.7861633300781,99686.49770285927,0.12099956007497537
2007-12-08 00:00:00,1.790395210742281,69.24252165882172,273.4595642089844,99876.82777221408,-0.016848529440287214
2007-12-08 12:00:00,5.50229326986707,37.69736317057002,272.19305419921875,100329.07330593752,0.0
2007-12-09 00:00:00,5.998751061442906,48.17211901679617,271.72613525390625,100365.53786676141,-0.0003943323992074442
2007-12-09 12:00:00,5.235752362095762,24.449698538144105,272.36395263671875,100198.39365974572,9.294823428294057e-05
2007-12-10 00:00:00,3.759082676694487,331.2667097858116,272.37615966796875,100295.91963836798,-0.007477117164671844
2007-12-10 12:00:00,3.4149518251468534,322.92830953230464,270.4412841796875,100410.47549280127,-0.013232592224304111
2007-12-11 00:00:00,0.8160689733360232,69.3385404406178,272.29681396484375,100352.06628120462,-0.13165873583304663
2007-12-11 12:00:00,3.215416728085694,155.7391808962459,275.1319885253906,99839.34700917313,0.0021619153735396835
2007-12-12 00:00:00,3.770321650599021,327.61935876705763,274.500244140625,99729.90266354001,-0.0025979565826111475
2007-12-12 12:00:00,5.246983622968012,3.172923856344511,273.3039245605469,100211.76008902474,-0.0013318313148008376
2007-12-13 00:00:00,2.4002465267884725,11.503170654010475,274.14013671875,100056.03636545931,-0.008798572335992379
2007-12-13 12:00:00,4.953907186518501,274.8106981028229,271.51861572265625,99627.93245488797,0.01843133594064431
2007-12-14 00:00:00,5.393412812217292,256.6059317397909,271.79022216796875,99948.46804391815,0.034539346269702315
2007-12-14 12:00:00,3.3942796939486364,337.4876915147728,268.9794616699219,100390.01985104001,0.029022113050248627
2007-12-15 00:00:00,4.441607360553279,29.627762860453338,270.5816955566406,100415.771478382,0.006272176334883355
2007-12-15 12:00:00,4.862856083011573,69.38604358257952,270.8716125488281,99785.20591339789,-0.003783132234701771
2007-12-16 00:00:00,7.280134881729163,18.152516665750568,271.4514465332031,98634.18493589677,0.0003051850944757461
2007-12-16 12:00:00,9.96784654901016,311.37600638388386,267.2063293457031,99021.21322295617,0.0039991700244458184
2007-12-17 00:00:00,5.901381577672792,275.8126129113093,265.570556640625,99850.1738033893,0.19557641809503037
2007-12-17 12:00:00,3.1211653027914794,242.44730673870333,264.45660400390625,100127.7831936625,0.12450615057859826
2007-12-18 00:00:00,7.164941238442311,172.9354666703474,269.3792419433594,100094.95241891815,0.027382917557276742
2007-12-18 12:00:00,7.35206931397611,179.83304320382842,271.49420166015625,99737.80832560881,0.009101414275967707
2007-12-19 00:00:00,7.651007010799649,204.5059752073098,274.0638427734375,99303.76603954747,0.008004308314630646
2007-12-19 12:00:00,5.11334946833123,292.967915571316,267.88079833984375,99719.61821557283,0.12933329762991794
2007-12-20 00:00:00,4.042065943538963,132.47110202381066,272.9804382324219,99772.49503784173,0.09684406583599636
2007-12-20 12:00:00,6.99714961752527,126.00724045857237,273.1726989746094,99269.8013578442,0.013883881960934309
2007-12-21 00:00:00,5.7717595016436976,115.16479956223782,275.1533508300781,98875.26797374396,0.018213703210313733
2007-12-21 12:00:00,3.272336615720651,143.05800029010175,276.35882568359375,99073.9775957333,0.07206447847119064
2007-12-22 00:00:00,7.358566599524946,143.956149196786,278.1258544921875,99098.21384460412,0.020369225683919617
2007-12-22 12:00:00,8.363665584666851,167.75089629104218,281.861328125,99088.20144659071,0.013795829884143886
2007-12-23 00:00:00,8.778565582387998,142.58704246067543,281.4126892089844,98318.65321313142,0.004159446780802239
2007-12-23 12:00:00,11.708446201176024,267.236780553785,265.6163330078125,98839.01454518856,-0.0016943999177471633
2007-12-24 00:00:00,8.186682397798094,251.380200254177,267.84112548828125,99385.75255896868,0.0027029034354573425
2007-12-24 12:00:00,5.869486411581737,253.6047450660766,265.8726806640625,99676.78467274821,0.009703461926399252
2007-12-25 00:00:00,3.9591724202059417,267.9100625962666,270.4412841796875,99867.93852807283,0.07757765958656905
2007-12-25 12:00:00,5.567409368627736,175.16856399591666,271.0211486816406,99975.4675582154,0.05754657142842083
2007-12-26 00:00:00,7.546673476468661,145.2281305183986,275.64471435546875,99737.11400098557,0.03735389577392606
2007-12-26 12:00:00,5.999178393397678,155.03507920012885,272.39447021484375,99542.47712530375,0.03901105124458036
2007-12-27 00:00:00,3.6275530844753288,181.95839387091485,277.1675720214844,99095.96645285928,0.1083543914136547
2007-12-27 12:00:00,4.533089452790173,274.4757727040376,272.7027282714844,99299.02945961755,0.038307949036963454
2007-12-28 00:00:00,4.330266039443755,32.68418014187117,273.2093200683594,99716.64438577094,0.11564645055247563
2007-12-28 12:00:00,5.130780392723304,116.9752849303378,272.40362548828125,99269.04540158475,0.0462686628755958
2007-12-29 00:00:00,6.191505208277007,249.31183511815664,272.7759704589844,99144.21914210243,0.02584330942657635
2007-12-29 12:00:00,2.378482432044735,249.93260399374572,268.48809814453125,99805.53339870214,0.0026885903946373343
2007-12-30 00:00:00,3.8749495743563718,176.3577846677481,272.5837097167969,99716.56244377223,0.10820462091837431
2007-12-30 12:00:00,4.888071746912214,152.960520289226,271.58270263671875,99367.99086273232,0.015525907375797086
2007-12-31 00:00:00,6.975716671956202,191.88598180170277,275.2723693847656,98836.61014284339,0.056662474313310576
2007-12-31 12:00:00,4.802317692713748,227.44104590638653,270.8594055175781,98993.79938592948,0.027216891721089737
2008-01-01 00:00:00,7.361367219139885,303.5988195551008,272.24188232421875,98926.92118280182,0.010325178637264384
